INSERT INTO Users (UserID, ToursID, Login, Password, AccessLevel) VALUES
(1, '{1, 4}', 'testt', '123', 1),
(2, '{}', 'testm', '123', 2),
(3, '{8}', 'Dealo', 'DealoProg1', 1),
(4, '{}', 'Koret', 'Koret97', 2),
(5, '{3, 4}','MilaUkn', 'SarkisMil', 1),
(6, '{}', 'GorVictor', 'Victor94', 2),
(7, '{6, 7}', 'test1', '123', 1),
(8, '{}', 'test2', '123', 2),
(9, '{9, 2}', 'test3', '123', 1),
(10, '{}', 'test4', '123', 2),
(11,'{3, 16}','Cairo','LYC22PMF7DW',1),
(12,'{7}','Kylynn','ESB83OOK0IB',1),
(13,'{26}','Herman','KRX78NWR7PU',1),
(14,'{}','Piper','JXH48GEV4IU',2),
(15,'{}','Jenna','KSI96IIQ8AO',2),
(16,'{}','Jasmine','MJV61MZY1SB',2),
(17,'{4, 24}','Olga','AOA46RIW4IT',1),
(18,'{6, 22}','Zephania','AFI68AEU8VK',1),
(19,'{17, 4, 28}','Ivory','ZYB55PNJ6ZJ',1),
(20,'{19}','Ava','TMU41BXZ7QF',1);

/*
INSERT INTO Food (FoodID, Category, VegMenu, ChildrenMenu, Bar, Cost) VALUES 
(1,'Все включено',False,False,True,4061),
(2,'Полупансион',True,False,False,5350),
(3,'Английский завтрак',False,False,True,8774),
(4,'Английский завтрак',False,True,False,8299),
(5,'Все включено',False,False,True,5524),
(6,'Американский завтрак',True,False,True,4018),
(7,'Завтрак',False,False,True,1799),
(8,'Полный пансион',True,True,True,5965),
(9,'Все включено',True,False,True,3359),
(10,'Континентальный завтрак',False,False,False,7787),
(11,'Завтрак',True,True,False,3330),
(12,'Американский завтрак',True,False,False,8927),
(13,'Английский завтрак',True,True,True,8960),
(14,'Завтрак',True,False,False,5589),
(15,'Полный пансион',False,False,True,4851),
(16,'Полный пансион',True,True,False,1387),
(17,'Американский завтрак',True,False,False,1200),
(18,'Завтрак',True,False,True,1581),
(19,'Полупансион',True,True,False,1760),
(20,'Полный пансион+',True,False,False,4952),
(21,'Полный пансион',True,False,False,5259),
(22,'Завтрак',True,True,False,1830),
(23,'Полный пансион+',True,True,False,1186),
(24,'Американский завтрак',True,True,True,2371),
(25,'Полный пансион',False,False,False,9839),
(26,'Завтрак',False,False,False,4468),
(27,'Полный пансион+',True,False,True,7834),
(28,'Полупансион',True,True,False,6422),
(29,'Завтрак',False,True,False,2059),
(30,'Полупансион',False,False,True,7385);
*/

/*
INSERT INTO Hotel (HotelID, Name, Type, Class, SwimPool, City, Cost) VALUES 
(1,'Venezia','Апартамент',2,False,'Москва',6757),
(2,'MOSS Boutique Hotel','Постель и завтрак',2,False,'Санкт-Петербург',18746),
(3,'Democratia','Отель',3,False,'Новосибирск',18322),
(4,'Scelerisque Scelerisque Limited','Кемпинг',5,True,'Казань',19834),
(5,'Параисо','Вила',4,True,'Казань',19805),
(6,'Semper Auctor Mauris Ltd','Курортный отель',4,True,'Воронеж',12523),
(7,'33 удовольствия','Вила',4,False,'Тольятти',8751),
(8,'Fringilla Porttitor Vulputate PC','Постель и завтрак',2,False,'Барнаул',9203),
(9,'Вилла Бристоль','Кемпинг',5,False,'Иркутск',13327),
(10,'Ай-Тодор-Юг','Отель',1,False,'Хабаровск',12697),
(11,'Аркадия','Курортный отель',0,True,'Москва',5687),
(12,'Морской','Кемпинг',3,False,'Санкт-Петербург',2566),
(13,'Навигатор','Курортный отель',4,True,'Воронеж',18529),
(14,'Санаторий Дружба','Мотель',0,True,'Новосибирск',11920),
(15,'Комфорт на Чехова','Мотель',1,True,'Казань',10688),
(16,'Ridiculus','Курортный отель',5,True,'Воронеж',3465),
(17,'1913','Отель',5,True,'Тольятти',15936),
(18,'Балтия','Отель',0,True,'Барнаул',5034),
(19,'Institute','Вила',2,True,'Тольятти',12419),
(20,'Норд','Апартамент',3,False,'Хабаровск',4293),
(21,'АтлантикА','Апартамент',4,True,'Москва',3168),
(22,'Де Марко','Гостевой дом',0,False,'Санкт-Петербург',6966),
(23,'Вилла Арнест','Мотель',0,False,'Новосибирск',16329),
(24,'Хуторок','Хостел',1,False,'Казань',3395),
(25,'Золотой Мыс','Гостевой дом',5,True,'Воронеж',13300),
(26,'Facilisis','Отель',5,True,'Тольятти',14283),
(27,'Меридиан','Гостевой дом',2,False,'Барнаул',17964),
(28,'Пилау','Мотель',1,False,'Хабаровск',10655),
(29,'Советский','Гостевой дом',4,True,'Иркутск',3368),
(30,'Odio','Апартамент',0,False,'Иркутск',16404);
*/

/*
INSERT INTO BusTicket (BusTID, Bus, Seat, CityFrom, CityTo, DepartureTime, ArrivalTime, Luggage, Cost) VALUES
(0, 0, 0, 'Москва', 'Москва', '2020-03-08 00:00:00', '2020-03-08 00:00:01', FALSE, 0),
(1,38,39,'Москва','Воронеж','2021-07-30 11:33:44','2021-07-30 13:29:48',False,3030),
(2,26,16,'Санкт-Петербург','Хабаровск','2021-09-26 03:53:18','2021-09-26 06:15:18',False,9148),
(3,63,5,'Новосибирск','Иркутск','2021-09-23 08:42:52','2021-09-23 10:28:52',True,13253),
(4,54,12,'Казань','Барнаул','2021-09-23 09:23:15','2021-09-23 11:49:15',True,11248),
(5,41,23,'Воронеж','Тольятти','2022-03-06 16:12:51','2022-03-06 18:39:51',False,12070),
(6,65,30,'Тольятти','Воронеж','2022-01-27 03:50:42','2022-01-27 05:10:42',False,2905),
(7,10,26,'Барнаул','Казань','2022-10-23 18:45:35','2022-10-23 20:39:35',True,2489),
(8,96,6,'Иркутск','Новосибирск','2022-08-15 09:06:40','2022-08-15 13:20:40',True,3121),
(9,30,6,'Хабаровск','Санкт-Петербург','2021-11-09 21:39:52','2021-11-09 23:59:52',True,6790),
(10,48,16,'Воронеж','Москва','2022-09-11 13:17:34','2022-09-11 14:57:34',True,8341),
(11,67,11,'Москва','Иркутск','2022-07-29 06:52:02','2022-07-29 07:51:02',False,10427),
(12,55,10,'Санкт-Петербург','Москва','2022-04-28 08:41:22','2022-04-28 10:36:22',False,8259),
(13,72,30,'Новосибирск','Санкт-Петербург','2022-11-23 02:59:40','2022-11-23 04:14:40',True,14945),
(14,23,21,'Казань','Новосибирск','2021-05-02 05:52:06','2021-05-02 06:19:06',False,2760),
(15,16,17,'Воронеж','Казань','2022-11-01 22:41:00','2022-11-01 23:51:00',False,9026),
(16,8,17,'Тольятти','Воронеж','2021-09-03 13:08:15','2021-09-03 15:29:15',False,3008),
(17,35,32,'Барнаул','Тольятти','2021-03-23 11:04:12','2021-03-23 13:54:12',True,4535),
(18,38,3,'Иркутск','Барнаул','2021-12-07 04:53:12','2021-12-07 06:43:12',True,9993),
(19,40,16,'Иркутск','Иркутск','2022-07-12 00:41:01','2022-07-12 03:21:01',False,6802),
(20,43,2,'Москва','Тольятти','2021-10-31 07:17:17','2021-10-31 09:27:17',True,14898),
(21,12,33,'Москва','Санкт-Петербург','2021-10-18 17:35:23','2021-10-18 19:15:23',True,13078),
(22,62,7,'Казань','Воронеж','2021-12-03 12:15:48','2021-12-03 14:05:48',False,7370),
(23,44,33,'Санкт-Петербург','Воронеж','2022-06-30 21:54:53','2022-06-30 23:44:53',True,9320),
(24,59,18,'Барнаул','Хабаровск','2021-10-10 01:45:05','2021-10-10 03:15:05',False,3726),
(25,52,31,'Хабаровск','Москва','2022-05-02 14:33:12','2022-05-02 16:23:12',False,9591),
(26,49,32,'Санкт-Петербург','Иркутск','2021-11-29 21:12:30','2021-11-29 23:42:30',False,5845),
(27,36,30,'Казань','Иркутск','2021-03-30 03:02:41','2021-03-30 05:22:41',False,1192),
(28,99,16,'Барнаул','Санкт-Петербург','2021-02-11 06:33:21','2021-02-11 08:23:21',True,7248),
(29,85,39,'Иркутск','Казань','2022-07-23 04:22:28','2022-07-23 06:02:28',False,6153),
(30,10,15,'Санкт-Петербург','Хабаровск','2021-07-21 16:08:52','2021-07-21 18:38:52',False,14629);
*/

/*
INSERT INTO PlaneTicket (PlaneTID, Plane, Seat, Class, CityFrom, CityTo, DepartureTime, Luggage, Cost) VALUES
(0, 0, 0, 1, 'Питер', 'Москва', '2020-03-08 00:00:00', FALSE, 0),
(1,67,38,2,'Новосибирск','Санкт-Петербург','2022-09-17 02:42:41',False,11935),
(2,13,16,1,'Новосибирск','Иркутск','2022-12-24 22:52:22',False,7927),
(3,43,29,1,'Санкт-Петербург','Хабаровск','2022-11-03 18:55:48',True,6284),
(4,86,70,1,'Санкт-Петербург','Казань','2021-12-27 22:02:58',False,7527),
(5,62,16,1,'Хабаровск','Тольятти','2021-11-13 01:04:00',False,13272),
(6,33,45,2,'Барнаул','Новосибирск','2021-03-09 13:47:35',False,2830),
(7,63,14,1,'Санкт-Петербург','Воронеж','2022-06-07 05:51:08',False,14036),
(8,54,22,1,'Казань','Москва','2022-08-01 23:58:32',False,8096),
(9,93,4,2,'Воронеж','Барнаул','2021-11-30 03:13:51',True,4117),
(10,29,24,1,'Казань','Воронеж','2021-02-06 09:06:07',False,9006),
(11,87,60,1,'Воронеж','Иркутск','2022-08-07 02:47:14',False,7189),
(12,1,38,2,'Новосибирск','Тольятти','2022-09-01 02:19:40',True,2964),
(13,9,54,2,'Тольятти','Воронеж','2021-09-03 23:47:48',True,12561),
(14,39,29,1,'Иркутск','Казань','2021-11-21 02:43:55',True,7649),
(15,71,4,1,'Хабаровск','Барнаул','2022-10-18 10:36:20',True,2674),
(16,3,54,1,'Тольятти','Хабаровск','2021-01-27 02:09:39',True,9379),
(17,7,38,1,'Тольятти','Казань','2021-02-12 13:00:40',False,4684),
(18,59,47,1,'Хабаровск','Казань','2022-02-04 01:56:20',True,12562),
(19,69,24,2,'Москва','Тольятти','2022-11-26 20:03:23',False,4922),
(20,34,3,1,'Хабаровск','Тольятти','2021-02-11 13:37:45',False,14593),
(21,62,51,1,'Тольятти','Санкт-Петербург','2021-12-03 20:54:35',True,1739),
(22,40,30,1,'Казань','Барнаул','2022-09-13 03:25:19',True,5248),
(23,3,31,1,'Казань','Санкт-Петербург','2022-09-21 00:18:15',True,1888),
(24,95,37,2,'Казань','Тольятти','2022-07-13 18:57:50',False,13473),
(25,32,9,1,'Хабаровск','Казань','2021-05-22 18:20:08',False,2900),
(26,41,23,2,'Казань','Санкт-Петербург','2021-02-07 19:50:22',True,1647),
(27,64,3,2,'Барнаул','Казань','2021-06-01 06:23:47',False,9679),
(28,11,32,2,'Санкт-Петербург','Новосибирск','2021-02-01 08:46:44',False,5502),
(29,16,21,2,'Москва','Новосибирск','2022-05-12 03:48:41',False,11309),
(30,64,4,2,'Санкт-Петербург','Москва','2022-09-26 09:43:23',True,14898);
*/

/*
INSERT INTO TrainTicket (TrainTID, Train, Coach, Seat, CityFrom, CityTo, DepartureTime, ArrivalTime, Linens, Cost) VALUES
(0, 0, 1, 0, 'Питер', 'Москва', '2020-03-08 00:00:00', '2020-03-08 00:00:01', FALSE, 0),
(1,63,7,47,'Воронеж','Казань','2022-03-09 03:22:04','2022-03-09 05:52:04',False,9838),
(2,61,5,29,'Воронеж','Хабаровск','2022-10-14 14:25:51','2022-10-14 16:45:51',False,5138),
(3,66,7,3,'Иркутск','Тольятти','2021-03-17 15:16:38','2021-03-17 17:36:38',True,1658),
(4,50,12,29,'Хабаровск','Москва','2022-06-02 12:08:54','2022-06-02 14:28:54',False,2616),
(5,71,12,28,'Санкт-Петербург','Москва','2021-07-24 16:05:25','2021-07-24 17:55:25',True,1629),
(6,69,9,34,'Казань','Тольятти','2022-08-30 05:04:29','2022-08-30 07:24:29',False,14678),
(7,23,2,46,'Иркутск','Санкт-Петербург','2021-08-30 17:06:53','2021-08-30 19:36:53',True,2573),
(8,66,7,16,'Тольятти','Санкт-Петербург','2021-03-18 03:53:46','2021-03-18 05:23:46',True,6770),
(9,32,7,12,'Иркутск','Новосибирск','2021-02-17 04:09:37','2021-02-17 06:29:37',False,2858),
(10,49,1,4,'Москва','Барнаул','2021-10-14 17:31:13','2021-10-14 19:41:13',False,11699),
(11,62,6,34,'Казань','Воронеж','2021-02-09 19:21:33','2021-02-09 21:11:33',False,9371),
(12,43,10,27,'Иркутск','Новосибирск','2022-09-11 15:23:00','2022-09-11 17:33:00',True,5278),
(13,80,2,20,'Новосибирск','Барнаул','2021-11-01 10:37:52','2021-11-01 12:27:52',False,5706),
(14,1,3,7,'Казань','Казань','2021-06-24 22:46:56','2021-06-24 23:56:56',False,6195),
(15,22,2,50,'Казань','Иркутск','2022-05-04 08:41:28','2022-05-04 10:31:28',True,1187),
(16,50,6,8,'Тольятти','Воронеж','2022-05-08 14:16:35','2022-05-08 16:06:35',False,11814),
(17,23,10,4,'Иркутск','Казань','2021-03-18 04:28:35','2021-03-18 06:58:35',False,9827),
(18,12,1,35,'Новосибирск','Воронеж','2022-03-13 12:59:01','2022-03-13 15:03:01',False,5531),
(19,21,6,15,'Казань','Москва','2022-01-15 21:23:53','2022-01-15 23:43:53',True,11889),
(20,21,10,25,'Новосибирск','Москва','2022-07-09 10:40:49','2022-07-09 12:20:49',False,1763),
(21,73,7,6,'Хабаровск','Казань','2021-12-06 15:16:20','2021-12-06 17:26:20',True,11597),
(22,57,11,47,'Москва','Воронеж','2021-06-19 22:51:40','2021-06-19 23:59:40',True,11860),
(23,90,7,32,'Казань','Москва','2022-08-12 00:10:08','2022-08-12 02:21:08',True,5105),
(24,76,9,29,'Хабаровск','Барнаул','2022-02-15 19:10:52','2022-02-15 21:13:52',True,5847),
(25,57,12,43,'Санкт-Петербург','Новосибирск','2021-11-08 14:42:11','2021-11-08 16:22:11',False,8435),
(26,74,5,50,'Казань','Новосибирск','2021-11-20 09:36:58','2021-11-20 11:26:58',True,9735),
(27,48,12,22,'Тольятти','Хабаровск','2021-11-17 17:41:18','2021-11-17 19:21:18',True,14801),
(28,22,5,43,'Тольятти','Иркутск','2021-05-01 04:15:00','2021-05-01 06:05:00',False,9090),
(29,51,12,36,'Тольятти','Хабаровск','2022-01-21 17:36:35','2022-01-21 19:16:35',False,11918),
(30,55,4,10,'Барнаул','Санкт-Петербург','2021-12-22 02:43:37','2021-12-22 04:23:37',False,9753);
*/

/*
INSERT INTO Transfer (TransferID, PlaneTicket, TrainTicket, BusTicket) VALUES
(1,1,0,12),
(2,0,20,0),
(3,7,2,0),
(4,0,1,3),
(5,2,20,0),
(6,0,24,0),
(7,25,0,0),
(8,27,0,0),
(9,0,4,0),
(10,0,0,7),
(11,26,0,0),
(12,3,0,0),
(13,1,0,8),
(14,5,9,29),
(15,0,0,27),
(16,9,0,0),
(17,0,23,0),
(18,0,18,4),
(19,0,0,26),
(20,1,2,5),
(21,0,19,0),
(22,22,26,8),
(23,0,0,26),
(24,0,25,0),
(25,6,27,16),
(26,0,10,0),
(27,0,8,3),
(28,4,0,0),
(29,12,10,23),
(30,2,0,0);
*/

/*
INSERT INTO Tour (TourID, Food, Hotel, Transfer, Cost, DateBegin, DateEnd) VALUES
(1,28,21,25,18143,'2021-08-13','2022-05-26'),
(2,26,25,23,40434,'2021-10-31','2021-12-02'),
(3,17,2,20,41958,'2022-11-13','2022-12-07'),
(4,2,2,18,80498,'2022-11-23','2022-12-02'),
(5,6,30,22,92326,'2022-05-08','2022-11-27'),
(6,27,12,25,58299,'2021-03-02','2022-10-02'),
(7,30,16,7,26755,'2022-04-21','2022-12-16'),
(8,19,5,1,40505,'2022-04-02','2022-11-18'),
(9,26,26,18,55085,'2021-12-28','2022-07-28'),
(10,8,1,29,74056,'2022-03-19','2022-08-24'),
(11,2,23,12,42176,'2022-01-26','2022-02-12'),
(12,7,9,25,84667,'2021-01-25','2021-04-21'),
(13,29,16,9,53915,'2021-12-19','2022-11-17'),
(14,16,8,9,54868,'2021-12-18','2022-12-25'),
(15,10,3,24,93565,'2021-09-04','2022-01-05'),
(16,30,24,9,58017,'2022-04-15','2022-06-03'),
(17,3,7,25,13646,'2021-02-27','2021-07-27'),
(18,7,24,1,23898,'2021-03-24','2021-11-05'),
(19,25,20,25,35216,'2021-05-24','2022-11-01'),
(20,12,12,10,63251,'2021-07-16','2021-10-01'),
(21,20,23,14,60218,'2021-05-15','2021-07-18'),
(22,22,4,16,99062,'2022-06-22','2022-07-24'),
(23,25,11,13,87524,'2021-02-10','2022-04-13'),
(24,27,4,1,81467,'2021-08-10','2022-08-21'),
(25,11,6,14,28915,'2021-01-15','2021-10-15'),
(26,15,17,12,28607,'2022-05-14','2022-10-25'),
(27,28,16,9,70978,'2021-02-12','2022-07-11'),
(28,25,26,9,22169,'2021-03-10','2021-04-03'),
(29,7,21,11,16967,'2021-04-28','2021-04-30'),
(30,30,23,11,10873,'2022-03-10','2022-06-10');
*/
